CREATE DATABASE  IF NOT EXISTS `compraslita` /*!40100 DEFAULT CHARACTER SET latin1 */;
USE `compraslita`;
-- MySQL dump 10.13  Distrib 5.6.23, for Win64 (x86_64)
--
-- Host: comprasl.ddns.net    Database: compraslita
-- ------------------------------------------------------
-- Server version	5.5.60

/*!40101 SET @OLD_CHARACTER_SET_CLIENT=@@CHARACTER_SET_CLIENT */;
/*!40101 SET @OLD_CHARACTER_SET_RESULTS=@@CHARACTER_SET_RESULTS */;
/*!40101 SET @OLD_COLLATION_CONNECTION=@@COLLATION_CONNECTION */;
/*!40101 SET NAMES utf8 */;
/*!40103 SET @OLD_TIME_ZONE=@@TIME_ZONE */;
/*!40103 SET TIME_ZONE='+00:00' */;
/*!40014 SET @OLD_UNIQUE_CHECKS=@@UNIQUE_CHECKS, UNIQUE_CHECKS=0 */;
/*!40014 SET @OLD_FOREIGN_KEY_CHECKS=@@FOREIGN_KEY_CHECKS, FOREIGN_KEY_CHECKS=0 */;
/*!40101 SET @OLD_SQL_MODE=@@SQL_MODE, SQL_MODE='NO_AUTO_VALUE_ON_ZERO' */;
/*!40111 SET @OLD_SQL_NOTES=@@SQL_NOTES, SQL_NOTES=0 */;

--
-- Table structure for table `comercio`
--

DROP TABLE IF EXISTS `comercio`;
/*!40101 SET @saved_cs_client     = @@character_set_client */;
/*!40101 SET character_set_client = utf8 */;
CREATE TABLE `comercio` (
  `idcomercio` int(11) NOT NULL AUTO_INCREMENT,
  `nombre` varchar(45) DEFAULT NULL,
  `duenio` varchar(45) DEFAULT NULL,
  `horarioapertura` int(11) NOT NULL COMMENT 'es el horario de apertura (solo las horas). Debe ser menor que el horario de cierre',
  `horariocierre` int(11) NOT NULL COMMENT 'hora de cierre (sin minutos) . Debe ser mayor o igual al horario de apertura',
  `calificacionpositiva` int(11) DEFAULT NULL,
  `calificacionnegativa` int(11) DEFAULT NULL,
  `fknodo` int(11) NOT NULL,
  PRIMARY KEY (`idcomercio`),
  KEY `fk_comercio_nodo1_idx` (`fknodo`),
  CONSTRAINT `fk_comercio_nodo1` FOREIGN KEY (`fknodo`) REFERENCES `nodo` (`idnodo`) ON DELETE CASCADE ON UPDATE CASCADE
) ENGINE=InnoDB AUTO_INCREMENT=29 DEFAULT CHARSET=latin1;
/*!40101 SET character_set_client = @saved_cs_client */;

--
-- Dumping data for table `comercio`
--

LOCK TABLES `comercio` WRITE;
/*!40000 ALTER TABLE `comercio` DISABLE KEYS */;
INSERT INTO `comercio` VALUES (1,'BALDOVINO RAUL','BALDOVINO RAUL',9,17,53,23,1),(2,'BELMAR','GARFAGNOLI, ABEL ARNALDO',11,20,37,26,3),(3,'CARREFOUR','CARREFOUR ARGENTINA S.A.',8,20,52,12,10),(4,'SUPERMERCADOS MONARCA','BERTOLIN JUAN CARLOS',10,20,44,22,30),(5,'DISTRIBUIDORA MODELO','MORIS CESAR OSVALDO',10,18,48,13,6),(6,'EL EMPORIO DEL SOLDADOR','ZAMOLO HNOS. S.A.',10,18,39,21,7),(7,'EL THEAM','ABERASTEGUI FONSECA EMMANUEL JUAN PABLO',10,20,16,14,8),(8,'FEEME BIKESHOP','LOPEZ EMERSON',11,17,7,29,9),(9,'FRAVEGA','FRAVEGA S.A.',10,20,41,25,10),(10,'GHEZAN HNOS S.C. ','GHEZAN HNOS S.C. ',9,21,27,31,3),(11,'LA TRANQUERA','COMASA S.A. ',10,18,45,39,13),(12,'HERBON SONIDOS ','HERBON MARCELO I ',11,19,41,2,14),(13,'IGUELDO S.R.L.','IGUELDO S.R.L.',9,21,26,4,15),(14,'LA CASA DE LA LIMPIEZA ','COUTURE DE TROISMONTS S.R.L. ',10,18,28,15,16),(15,'GUILLERMO ALCORTA','CASA LIMPIA ',11,20,48,25,17),(16,'LANG TECNOLOGIA','LANG SALVADOR PABLO ANDRES',8,17,35,14,19),(17,'LEGAM S.A. ','LEGAM S.A. ',11,20,33,10,20),(18,'MACOWENS','JAJUFER S.A.',9,17,40,34,21),(19,'MANHATTAN INSTRUMENTOS MUSICALES','PIÑEIRO LUIS Y SCHANG JUAN MANUEL S.H.',10,20,50,48,22),(20,'MATERIALES TANDIL SRL','MATERIALES TANDIL SRL',9,20,42,19,24),(21,'OSCAR H. PIAGENTINI S.A. ','OSCAR H. PIAGENTINI S.A. ',9,20,39,13,25),(22,'OSTINELLI JUAN CARLOS','OSTINELLI JUAN CARLOS',9,19,49,1,26),(23,'SUMA HOGAR ','USANDIZAGA EDUARDO AGUSTIN ',9,19,46,7,27),(24,'PINTURERIA SARMIENTO','EDUARDO FRONTINI Y CIA S.A.',9,19,34,32,28),(25,'PINTURERIAS A TODO COLOR','LOPEZ,  ADRIAN OSCAR',9,17,48,36,29),(26,'ROUCO BLANCA ROSA','ROUCO BLANCA ROSA',10,19,26,23,4),(27,'SCIGLIANO Y BOLLIER S.H.','SCIGLIANO Y BOLLIER S.H.',9,19,16,3,32),(28,'PC HOME','CHEVES JOSE',9,19,7,6,33);
/*!40000 ALTER TABLE `comercio` ENABLE KEYS */;
UNLOCK TABLES;

--
-- Table structure for table `nodo`
--

DROP TABLE IF EXISTS `nodo`;
/*!40101 SET @saved_cs_client     = @@character_set_client */;
/*!40101 SET character_set_client = utf8 */;
CREATE TABLE `nodo` (
  `idnodo` int(11) NOT NULL DEFAULT '0',
  `nombre` varchar(45) DEFAULT NULL,
  PRIMARY KEY (`idnodo`)
) ENGINE=InnoDB DEFAULT CHARSET=latin1 COMMENT='Es la tabla de ubicaciones';
/*!40101 SET character_set_client = @saved_cs_client */;

--
-- Dumping data for table `nodo`
--

LOCK TABLES `nodo` WRITE;
/*!40000 ALTER TABLE `nodo` DISABLE KEYS */;
INSERT INTO `nodo` VALUES (1,'Avellaneda y Rondeau'),(2,'Avellaneda y Guido'),(3,'Avellaneda y Libertad'),(4,'Avellaneda y Alvear'),(5,'Avellaneda y Richieri'),(6,'Juncal y Richieri'),(7,'Juncal y Azcuenaga'),(8,'Juncal y Alvear'),(9,'Juncal y Libertad'),(10,'Juncal y Guido'),(11,'Juncal y Rondeau'),(12,'Callao y Rondeau'),(13,'Callao y Guido'),(14,'Callao y Libertad'),(15,'Callao y Alvear'),(16,'Callao y Azcuenaga'),(17,'Callao y Richieri'),(18,'Chile y Richieri'),(19,'Chile y Azcuenaga'),(20,'Chile y Alvear'),(21,'Chile y Guido'),(22,'Chile y Rondeau'),(23,'Fugl y Rondeau'),(24,'Fugl y Guido'),(25,'Fugl y Alvear'),(26,'Fugl y Libertad'),(27,'Fugl y Azcuenaga'),(28,'Fugl y Richieri'),(29,'Loberia y Richieri'),(30,'Loberia y Vazquez'),(31,'Loberia y Libertad'),(32,'Loberia y Alvear'),(33,'Loberia y Rondeau'),(34,'Larrea y Libertad'),(35,'Larrea y Pje Rebol'),(36,'Larrea y Richieri'),(37,'Alvear y Libertad');
/*!40000 ALTER TABLE `nodo` ENABLE KEYS */;
UNLOCK TABLES;

--
-- Table structure for table `producto`
--

DROP TABLE IF EXISTS `producto`;
/*!40101 SET @saved_cs_client     = @@character_set_client */;
/*!40101 SET character_set_client = utf8 */;
CREATE TABLE `producto` (
  `idproducto` int(11) NOT NULL AUTO_INCREMENT,
  `nombre` varchar(45) DEFAULT NULL,
  `precio` double DEFAULT NULL,
  `fkcomercio` int(11) NOT NULL,
  PRIMARY KEY (`idproducto`,`fkcomercio`),
  KEY `fk_producto_comercio_idx` (`fkcomercio`),
  CONSTRAINT `fk_producto_comercio` FOREIGN KEY (`fkcomercio`) REFERENCES `comercio` (`idcomercio`) ON DELETE CASCADE ON UPDATE CASCADE
) ENGINE=InnoDB AUTO_INCREMENT=487 DEFAULT CHARSET=latin1;
/*!40101 SET character_set_client = @saved_cs_client */;

--
-- Dumping data for table `producto`
--

LOCK TABLES `producto` WRITE;
/*!40000 ALTER TABLE `producto` DISABLE KEYS */;
INSERT INTO `producto` VALUES (1,'ACONDICIONADOR DE AIRE HITACHI SPLIT 3200 ',11970,23),(2,'CALOVENTOR ATMA 2000W',2139,9),(3,'FREEZER ESLABON DE LUJO 200 Lts',12999,9),(4,'HELADERA FRIZZER NO FROST 297 LTS ELECTROLUX',16599,9),(5,'TERMOTANQUE ELECTROLUX ELECTRICO 55 LTS',3999,9),(6,'VENTILADOR DE PIE LILIANA 24 PULGADAS',2069,9),(7,'ACONDICIONADOR DE AIRE LG SPLIT 3200 ',13167,3),(8,'CALOVENTOR ATMA 2000W',2356,23),(9,'FREEZER GAFA 200 Lts',11959,23),(10,'HELADERA FRIZZER NO FROST 297 LTS GAFA',14899,23),(11,'TERMOTANQUE ELECTROLUX ELECTRICO 55 LTS',4599,23),(12,'VENTILADOR DE PIE HENDEL 24 PULGADAS',1865,23),(13,'CAMISA DE TRABAJO TELA GRAFA',359,2),(14,'TRAJE DAMA - AMBO',1899,2),(15,'PANTALON HOMBRE - TELA GRAFA MOTIVO LISO',478,17),(17,'CAMISA DE TRABAJO TELA GRAFA',333,17),(18,'PANTALON HOMBRE - TELA GRAFA MOTIVO DIAG',333,18),(19,'CAMISA DE VESTIR DE HOMBRE MANGA LARGA',999,18),(20,'PANTALON DE HOMBRE DE VESTIR-GABARDINA ',1199,3),(21,'PULLOVER DE VESTIR ESCOTE EN V DE HOMBRE',1199,17),(22,'CAMISA DE VESTIR DE HOMBRE MANGA LARGA',1150,17),(23,'PANTALON DE HOMBRE DE VESTIR-GABARDINA ',1333,17),(24,'PULLOVER DE VESTIR ESCOTE EN V DE HOMBRE',1545,18),(25,'BOLSA DE CONSORCIO 80x110x10 ZELNOVA',63,15),(26,'CERA LIQUIDA PARA MADERA ZELNOVA 5 Lts',313,15),(27,'DESINFECTANTE HARPIC x 500 Ml',49,15),(28,'ESPONJA TODOESPONJA',6,15),(29,'INSECTICIDA FUYI',63,15),(30,'JABON DE TOCADOR X 90 GRS KENIA',9,15),(31,'LIMPIADOR EN AEROSOL ESPUMA 440Cm3 SUTTER',73,15),(32,'LUSTRAMUEBLES -CERAMICOL',50,15),(33,'PAPEL HIGIENIC X 6 ROLLOS EL COLOSO',50,15),(34,'TRAPO REJILLA DYNEX',12,15),(35,'BOLSA DE CONSORCIO 80x110x10 ZELNOVA',59,14),(36,'CERA LIQUIDA PARA MADERA ZELNOVA 5 Lts',325,14),(37,'DESINFECTANTE HARPIC x 500 Ml',66,14),(38,'ESPONJA TODOESPONJA',8,14),(39,'INSECTICIDA FUYI',73,14),(40,'JABON DE TOCADOR X 90 GRS KENIA',11,14),(41,'LIMPIADOR EN AEROSOL ESPUMA 440Cm3 SUTTER',99,14),(42,'LUSTRAMUEBLES -CERAMICOL',49,14),(43,'PAPEL HIGIENIC X 6 ROLLOS EL COLOSO',47,14),(44,'TRAPO REJILLA DYNEX',16,14),(45,'ARENA RUBIA M3',751,20),(46,'ARENA RUBIA M3',759,21),(47,'CAL - PRESENTACION BOLSA',97,20),(48,'CAL - PRESENTACION BOLSA',85,21),(49,'CEMENTO BOLSA 40 KG',200,20),(50,'CEMENTO BOLSA 40 KG',150,21),(51,'ESTABILIZADO 0.30',576,20),(52,'ESTABILIZADO 0.30',569,21),(53,'HIDROFUGO 10 KG',270,20),(54,'HIDROFUGO 10 KG',265,21),(55,'LADRILLO HUECO DEL 12',11,20),(56,'LADRILLO HUECO DEL 12',17,21),(57,'PIEDRA PARTIDA - PIEDRA 6/20',1299,20),(58,'PIEDRA PARTIDA - PIEDRA 6/20',1300,21),(59,'ANTIOXIDO SINTETICO CROMATO 4 Lts',783,25),(60,'PINTURA ESMALTE SINTETICO - BLANCO 4 Lts',1136,25),(61,'RODILLO MINI Nº 1',26,25),(62,'CATALIZADOR - ENDURECEDOR Nro 2   1 Lt',287,25),(63,'PAÑO LUSTRE',271,25),(64,'LIJA ANTIEMPASTE 80',30,25),(65,'PINTURA LATEX 20 Lts',2470,25),(66,'PINTURA LATEX 4 Lts',511,25),(67,'ANTIOXIDO SINTETICO CROMATO 4 Lts',781,24),(68,'PINTURA ESMALTE SINTETICO - BLANCO 4 Lts',1129,24),(69,'RODILLO MINI Nº 1',25,24),(70,'CATALIZADOR - ENDURECEDOR Nro 2   1 Lt',288,24),(71,'PAÑO LUSTRE',270,24),(72,'LIJA ANTIEMPASTE 80',30,24),(73,'PINTURA LATEX 20 Lts',2532,24),(74,'PINTURA LATEX 4 Lts',510,24),(75,'CINTA TEFLON 3/4X50 Mts',203,10),(76,'MANGUERA 32 mm X 1 Mt',95,10),(77,'TUBOS PVC 50mm',69,10),(78,'CANILLA ESFERICA PICO MANGUERA 1/2\"\"',198,10),(79,'FLEXIBLE MALLADO \"AMANCO\"\" M/GIR 1/2 x 30 cm\"',101,10),(80,'LAVATORIO MESADA',1608,10),(81,'LLAVE DE PASO 20 TIGRE FUSION',412,10),(82,'CINTA TEFLON 3/4X50 Mts',203,10),(83,'MANGUERA 32 mm X 1 Mt',95,13),(84,'TUBOS PVC 50mm',69,13),(85,'CANILLA ESFERICA PICO MANGUERA 1/2\"\"',198,13),(86,'FLEXIBLE MALLADO \"AMANCO\" M/GIR 1/2 x 30 cm\"',101,13),(87,'LAVATORIO MESADA',1608,13),(88,'LLAVE DE PASO 20 TIGRE FUSION',412,13),(89,'BAFLE DE DOS VIAS 15\" USB BLUETOOTH GBR\"',11524,12),(90,'CONSOLA PAR LED 512 ch dmx AMPRO',2937,12),(91,'TRIPODE METALICO',1212,12),(92,'ALTOPARLANTE SUB WOOFER  STSCONCERTO',20882,12),(93,'AMPLIFICADOR PARA MONITORES 12 STS',13930,12),(94,'MICROFONO DINAMICO SHURE MODELO SM57',3299,12),(95,'BAFLE DE DOS VIAS 15\" USB BLUETOOTH GBR\"',11003,19),(96,'CONSOLA PAR LED 512 ch dmx AMPRO',3147,19),(97,'TRIPODE METALICO',1276,19),(98,'ALTOPARLANTE SUB WOOFER  STSCONCERTO',21099,19),(99,'AMPLIFICADOR PARA MONITORES 12 STS',12889,19),(100,'MICROFONO DINAMICO SHURE MODELO SM57',2999,19),(101,'CUADERNO TIPO RAYADO 84 HOJAS TRIUNFANTE',26,1),(102,'RESMAS 500 HOJAS 75Grs BOREAL',125,1),(103,'CARTULINA ',3,1),(104,'TEMPERA TINTORETTO POMO X 300',35,1),(105,'BOLIGRAFO TRAO GRUESO FABER',4,1),(106,'GUARDAPOLVOS USO ESCOLAR COLOR BLANCO',200,1),(113,'NOTEBOOK HP 15,6\" HD\"',19499,7),(114,'IMPRESORA MULTIFUNCION ADVANTAGE HP',1199,7),(115,'TABLET LG 9\" 2 GB MEMORIA RAM\"',2650,7),(116,'NOTEBOOK APPLE 16\" HD\"',28599,16),(117,'IMPRESORA MULTIFUNCION ADVANTAGE HP',1099,16),(118,'TABLET KENYA 9\" 1 GB MEMORIA RAM\"',1899,16),(119,'NOTEBOOK HP 19\" HD\"',25300,28),(120,'IMPRESORA MULTIFUNCION ADVANTAGE BROTHER',1400,28),(121,'TABLET SAMSUNG 9\" 1 GB MEMORIA RAM\"',2299,28),(122,'BICICLETA 18V DOLPHIN',3999,8),(123,'BICICLETA 20V VENZO',4999,26),(124,'SILLON DE OFICINA REGULABLE NEGRO',1690,22),(125,'SILLON DE OFICINA REGULABLE NEGRO',1866,27),(126,'CAJA DE HERRAMIENTAS 20\"\"',690,5),(127,'HIDROLAVADORA 1300W 100 BAR',1998,5),(128,'SET ATORNILLADOR 56 PIEZAS',570,5),(129,'SIERRA CALADORA 420 W',1350,5),(130,'AMOLADORA ANGULAR 650 W',981,5),(131,'MINI SIERRA ELECTRICA PORTATIL',1590,5),(132,'HIDROLAVADORA 1200 W GAMMA',1799,5),(133,'CAJA DE HERRAMIENTAS 20\"\"',570,6),(134,'HIDROLAVADORA 1200W 100 BAR',1599,6),(135,'SET ATORNILLADOR 72 PIEZAS',820,6),(136,'SIERRA CALADORA 420 W',1299,6),(137,'AMOLADORA ANGULAR 650 W',999,6),(138,'MINI SIERRA ELECTRICA PORTATIL',1580,6),(139,'PINTURA LATEX INTERIOR BLANCO ALBA 10 LTS',930,24),(140,'PINTURA LATEX EXTERIOR BLANCO ALBA 4 LTS',530,25),(141,'PINTURA LATEX INTERIOR BLANCO ALBA 20 LTS',1690,24),(142,'PINTURA LATEX EXTERIOR BLANCO ALBA 10 LTS',890,25),(143,'DURACRIL MEMBRANA POLIURETANICA 20 LTS',1250,24),(144,'PINTURA LATEX INTERIOR BLANCO COLORIN 10 LTS',600,24),(145,'PINTURA LATEX EXTERIOR BLANCO COLORIN 4 LTS',100,24),(146,'PINTURA LATEX INTERIOR BLANCO COLORIN 20 LTS',1090,24),(147,'PINTURA LATEX EXTERIOR BLANCO COLORIN 10 LTS',590,24),(148,'DURACRIL MEMBRANA POLIURETANICA 20 LTS',1290,24),(149,'PINTURA LATEX INTERIOR BLANCO COLORIN 2 LTS',199,25),(150,'PINTURA LATEX EXTERIOR BLANCO COLORIN 10 LTS',599,25),(151,'PINTURA LATEX INTERIOR BLANCO COLORIN 20 LTS',1089,25),(152,'PINTURA LATEX EXTERIOR BLANCO COLORIN 10 LTS',689,24),(153,'DURACRIL MEMBRANA POLIURETANICA 20 LTS',1289,25),(154,'COCA COLA 2,25 LTS',45,4),(155,'CERVEZA BRAMA 1LT',47,3),(156,'VINO TINTO TRAPICHE 750CC',149,3),(157,'AFEITADORA REMINGTON 1230/1330',799,23),(158,'CORTAPELO GAMMA GC542',739,23),(159,'BOXER ALGODÓN',79,11),(160,'SLIP ALGODÓN ',79,11),(161,'MEDIA DUFOUR PAR',59,11),(162,'ZOQUETE CORTO TOM PAR',79,11),(163,'JEAN HOMBRE ',349,11),(164,'REMERAA ESTAMPADA MANGA CORTA',179,11),(165,'CHALECO RELLENO PLUMAS HOMBRE',799,11),(166,'CAMPERA RELLENA PLUMAS UNISEX',999,11),(167,'CAMPERA /BUZO POLAR HOMBRE ',299,11),(168,'SWEATER ESCOTE V RALLADO HOMBRE ',399,11),(169,'WHISKY JOHNNIE WALKER RED LABEL 750 CC',395,3),(170,'CHANDON 750 CC',270,3),(171,'BOLSO PORTA NOTEBOOK 42CM BUSSINES',399,28),(172,'BOLSO DEPORTIVO 60 CM',299,3),(173,'SMART TV UHD 49\"DAEWOO\"',15999,23),(174,'GALLETITAS X 3 CRIOLLITAS',25,4),(175,'JAMON COCIDO 200GRS CAGNOLI',60,4),(176,'PURE TOMATE LA CAMPAGNOLA 520 GRS',21,3),(177,'PAPAS LAYS 150 GRS',52,3),(178,'CERVEZA PATAGONIA 740 CC',87,3),(179,'VINO TINTO HEREFORD 750 CC',46,3),(180,'QUESO PATEGRAS LA SERENISIMA 100 GRS',33,3),(181,'ACEITUNAS 160 GRS CASTELL',43,3),(182,'BOMBONES BON O BON 270 GRS',90,4),(183,'TABLETA DE CHOCOLATE COFLER 170 GRS',55,3),(184,'CARAMELOS SURTIDOS MOGUL 150 GRS',25,3),(185,'ALFAJOR CHOCOARROZ 25 GRS',18,4),(186,'GALLETITAS TODY 150 GRS',22,3),(187,'POLENTA INSTANTANEA 500 GRS PRESTO PRONTA',23,3),(188,'SAL FINA CELUSAL 500 GRS',48,3),(189,'QUESO RALLADO SANCOR 40 GRS',22,3),(190,'PAN LACTAL BIMBO 730 GRS',93,3),(191,'CHOCLO CREMOSO 300 GRS ARCOR',20,3),(192,'SALSA LISTA POMAROLA ARCOR 340 GRS',20,4),(193,'YERBA ROSAMONTE 1 KG ',63,3),(194,'LECHE EN POLVO 800 GRS PURISIMA',93,3),(195,'TAPAS PARA EMPANADAS DON CELEDONIO 12 UN',18,4),(196,'HAMBURGESAS SWIFT X 20 U',315,3),(197,'DULCE DE BATATA ESNAOLA 100 GRS',7,3),(198,'DULCE DE MEMBRILLO ESNAOLA 100 GRS',7,4),(199,'ROAST BEEF DE NOVILLO 1 KG',100,3),(200,'MILANESAS DE POLLO 1 KG',100,3),(201,'PREPARADO PARA PAELLA 400 GRS ARTICO',109,3),(202,'PANIALES PAMPERS X 10',207,3),(203,'DETERGENTE MAGISTRAL 750 GRS',46,3),(204,'SHAMPOO ELVIVE 400 CC',86,3),(205,'ACONDICIONADOR ELVIVE 400 CC',86,4),(206,'TOALLITAS FEMENINAS LADY SOFT 8 UN',27,3),(207,'ANTITRASPIRANTE REXONA 150 CC',54,3),(208,'PASTA DENTAL COLGATE 90 GRS',52,3),(209,'SERVILLETAS SUSSEXS 150 UN',39,4),(210,'PIEDRITAS SANITARIAS PARA GATO 4KG',99,3),(211,'TELEFONO LG Q6 ALPHA LIBERADO',6999,23),(214,'ACEITUNAS 160 GRS NUCETTE',48,3),(217,'AFEITADORA REMINGTON 1230/1330',799,16),(218,'AFEITADORA REMINGTON 1230/1330',812,9),(225,'BOLSO PORTA NOTEBOOK 42CM BUSSINES',399,1),(226,'BOLSO PORTA NOTEBOOK 16 NEOPRENE',539,7),(241,'ARVEJAS 330 MOLTO',18,3),(244,'COCA COLA 2.25 LTS',44,3),(245,'CORTAPELO GAMMA GC542',739,16),(246,'CORTAPELO GAMMA GC542',740,9),(248,'DETERGENTE CIERTO 750 GRS',44,3),(250,'DULCE DE BATATA ESNAOLA 100 GRS',7,3),(252,'DULCE DE MEMBRILLO ESNAOLA 100 GRS',7,3),(254,'GALLETITAS DULCES MACUCAS 150 GRS',13,4),(256,'GALLETITAS X 3 TRAVIATAS',21,3),(258,'HAMBURGESAS SWIFT X 8 U',315,3),(272,'LECHE EN POLVO 400 GRS LA SERENISIMA',47,4),(289,'PAN LACTAL BIMBO 730 GRS',89,4),(291,'PAN LACTAL SALVADO BIMBO 730 GRS',93,3),(295,'PAPAS LAYS SABORIZADAS 75 GRS',39,3),(297,'PASTA DENTAL NOC 40 GRS CONCENTRADA',59,3),(308,'POLENTA INSTANTANEA 500 GRS PRESTO PRONTA',23,4),(311,'PREPARADO PARA PAELLA 400 GRS ARTICO',139,4),(313,'PURE TOMATE LA CAMPAGNOLA 520 GRS',21,4),(329,'SAL FINA DOS ANCLAS 500 GRS',48,3),(331,'SALSA LISTA POMAROLA MOLTO 340 GRS',18,3),(333,'SALSA LISTA PIZZA MOLTO 340 GRS',18,4),(335,'SERVILLETAS SUSSEXS 150 UN',39,3),(338,'SHAMPOO PANTENE 400 CC',69,4),(347,'TAPAS PARA EMPANADAS LA SALTENIA 16 UN',25,3),(348,'TELEFONO LG Q6 ALPHA LIBERADO',6999,9),(349,'TELEFONO LG Q6 ALPHA LIBERADO',7399,16),(351,'TOALLITAS FEMENINAS SIEMPRE LIBRE 8 UN',36,3),(354,'PROTECTORES DIARIOS SIEMPRE LIBRE 20 UN',20,3),(357,'VINO TINTO HEREFORD 750 CC',46,4),(364,'YERBA ROSAMONTE 1 KG ',63,4),(365,'YERBA ROSAMONTE 500 KG ',35,4),(368,'YERBA PLAYADITO 1 KG ',75,3),(380,'ACONDICIONADOR ELVIVE 400 CC',92,3),(391,'FERNET BRANCA 1 LT',305,3),(430,'BICICLETA RODADO 28 CON CAMBIOS',5750,8),(431,'CAMARA RODADO 20 PIRELLI',200,8),(432,'ASIENTO DE BICICLETA BANANA',500,8),(433,'ASIENTO DE BICICLETA BANANA',600,26),(434,'TIMBRE PARA BICICLETA RING RING',100,8),(435,'TIMBRE PARA BICICLETA RING RING',130,26),(436,'KIT DE PARCHES PARA BICICLETA',80,26),(437,'KIT DE PARCHES PARA BICICLETA',85,8),(438,'ESCRITORIO ESQUINERO DE MELAMINA',3000,22),(439,'ESCRITORIO DE PC',1500,27),(440,'SILLA EJECUTIVA RECLINABLE',2000,22),(441,'SILLA GIRATORIA DE CUERO',3500,27),(442,'ESTANTERIA METALICA',1500,22),(443,'ESTANTERIA METALICA',2000,27),(444,'CAJA REGISTRADORA ',3450,22),(445,'LAMPARA DE ESCRITORIO LUZ BLANCA',980,27),(446,'MORWIN ARCHIVERO 3 CAJONES',1500,22),(447,'CAFE EN CAPSULAS DOLCE GUSTO',225,3),(448,'CAFE EN CAPSULAS DOLCE GUSTO',228,4),(449,'CACAO EN POLVO NESQUIK X 800 GR',174,4),(450,'CACAO EN POLVO NESQUIK X 800 GR',175,3),(451,'JUGO EN SOBRE TANG',5,3),(452,'JUGO EN SOBRE CLIGHT',6,3),(453,'JUGO EN SOBRE TANG',6,4),(454,'JUGO EN SOBRE CLIGHT',5,4),(455,'AGUA DE MESA KING X 6 LTS',55,3),(456,'AGUA MINERAL VILLAVICENCIO X 1 LITRO',13,3),(457,'AGUA DE MESA CIMES X 6 LTS',40,4),(458,'AGUA MINERAL VILLAVICENCIO X 1 LITRO',15,4),(459,'AGUA SABORIZADA LEVITE X 1,5 LTS',45,3),(460,'AGUA SABORIZADA AQUARIUS X 2,25 LTS',55,4),(461,'FIDEO GUISERO TERRABUSI',13,3),(462,'FIDEO TALLARIN MOLTO',15,3),(463,'FIDEO SOPERO MOLTO',13,3),(464,'FIDEO GUISERO MATARAZZO',24,4),(465,'FIDEO TALLARIN MATARAZZO',26,4),(466,'FIDEO SOPERO MATARAZZO',23,4),(467,'ARROZ X 1 KG GALLO ORO',55,3),(468,'ARROZ LUCCHETTI X 500 GRS',32,4),(469,'ACEITE NATURA X 900 CC',45,3),(470,'ACEITE NATURA X 1,5 LTS',65,4),(471,'AZUCAR CHANGO X 1 KG',19,3),(472,'AZUCAR LEDESMA X 1 KG',24,4),(473,'LECHE DON ATILIO ENTERA X 1 LITRO',15,3),(474,'LECHE SANCOR ENTERA X 1 LITRO',19,4),(475,'TE EN SAQUITOS BIG BEN X 25',15,3),(476,'TE EN SAQUITOS BIG BEN X 25',17,4),(477,'CARNE PALETA X 1 KG',89,3),(478,'CARNE PICADA ESPECIAL X 1 KG',112,3),(479,'MILANESAS DE CARNE X 1 KG',149,3),(480,'CARNE VACIO X 1 KG',170,3),(481,'POLLO X 1 KG',55,3),(482,'CARNE PALETA X 1 KG',75,4),(483,'CARNE PICADA COMUN X 1 KG',99,4),(484,'MILANESAS DE CARNE X 1 KG',155,4),(485,'MILANESAS DE POLLO X 1 KG',130,4),(486,'CARNE ASADO X 1KG',145,4);
/*!40000 ALTER TABLE `producto` ENABLE KEYS */;
UNLOCK TABLES;

--
-- Table structure for table `proximos`
--

DROP TABLE IF EXISTS `proximos`;
/*!40101 SET @saved_cs_client     = @@character_set_client */;
/*!40101 SET character_set_client = utf8 */;
CREATE TABLE `proximos` (
  `costo` int(11) NOT NULL,
  `sentido` int(1) NOT NULL COMMENT '0 false 1 true\n',
  `fkNodoOrigen` int(11) NOT NULL,
  `fkNodoDestino` int(11) NOT NULL,
  PRIMARY KEY (`fkNodoOrigen`,`fkNodoDestino`),
  KEY `fk_proximos_nodo1_idx` (`fkNodoOrigen`),
  KEY `fk_proximos_nodo2_idx` (`fkNodoDestino`),
  CONSTRAINT `fk_proximos_nodo1` FOREIGN KEY (`fkNodoOrigen`) REFERENCES `nodo` (`idnodo`) ON DELETE CASCADE ON UPDATE CASCADE,
  CONSTRAINT `fk_proximos_nodo2` FOREIGN KEY (`fkNodoDestino`) REFERENCES `nodo` (`idnodo`) ON DELETE NO ACTION ON UPDATE NO ACTION
) ENGINE=InnoDB DEFAULT CHARSET=latin1 COMMENT='Tabla de nodos proximos';
/*!40101 SET character_set_client = @saved_cs_client */;

--
-- Dumping data for table `proximos`
--

LOCK TABLES `proximos` WRITE;
/*!40000 ALTER TABLE `proximos` DISABLE KEYS */;
INSERT INTO `proximos` VALUES (120,1,1,2),(120,0,1,11),(120,1,2,1),(120,1,2,3),(120,1,2,10),(120,1,3,2),(120,1,3,4),(120,0,3,9),(120,1,4,3),(120,1,4,5),(120,1,4,7),(160,1,4,8),(120,1,5,4),(120,0,5,6),(120,1,6,5),(120,1,6,7),(120,0,6,17),(120,0,7,4),(120,0,7,6),(50,1,7,8),(120,1,7,16),(160,1,8,4),(50,0,8,7),(70,1,8,9),(160,1,8,15),(120,1,9,3),(70,0,9,8),(120,1,9,10),(120,0,9,14),(120,0,10,2),(120,0,10,9),(120,1,10,11),(120,1,10,13),(120,1,11,1),(120,0,11,10),(120,0,11,12),(120,1,12,11),(120,1,12,13),(120,0,12,22),(120,0,13,10),(120,0,13,12),(12,1,13,14),(120,1,13,21),(120,1,14,9),(120,0,14,13),(40,1,14,15),(60,0,14,37),(160,1,15,8),(40,0,15,14),(80,1,15,16),(80,1,15,37),(120,0,16,7),(80,0,16,15),(120,1,16,17),(120,1,16,19),(120,1,17,6),(120,0,17,16),(120,0,17,18),(120,1,18,17),(120,1,18,19),(120,0,18,28),(120,0,19,16),(120,0,19,18),(120,1,19,20),(120,1,19,27),(120,0,20,19),(120,1,20,21),(130,1,20,25),(130,0,20,26),(60,1,20,37),(120,0,21,13),(120,0,21,20),(120,1,21,22),(120,1,21,24),(120,1,22,12),(120,0,22,21),(120,0,22,23),(120,1,23,22),(120,1,23,24),(120,0,23,33),(120,0,24,21),(120,0,24,23),(60,1,24,25),(120,1,24,32),(130,1,25,20),(60,0,25,24),(90,1,25,26),(160,1,25,32),(130,1,26,20),(90,0,26,25),(90,1,26,27),(130,0,26,31),(120,0,27,19),(90,0,27,26),(120,1,27,28),(130,1,27,30),(120,1,28,18),(120,0,28,27),(120,0,28,29),(200,0,28,30),(120,1,29,28),(80,1,29,30),(120,0,29,36),(130,0,30,27),(200,1,30,28),(80,0,30,29),(160,1,30,31),(200,1,30,34),(120,1,30,35),(130,1,31,26),(160,0,31,30),(120,1,31,32),(130,0,31,34),(120,0,32,24),(160,1,32,25),(120,0,32,31),(120,1,32,33),(120,1,33,23),(120,0,33,32),(200,1,34,30),(130,1,34,31),(160,1,34,35),(120,1,35,30),(160,0,35,34),(80,1,35,36),(120,1,36,29),(80,0,36,35),(60,1,37,14),(80,1,37,15),(60,1,37,20);
/*!40000 ALTER TABLE `proximos` ENABLE KEYS */;
UNLOCK TABLES;

--
-- Dumping events for database 'compraslita'
--

--
-- Dumping routines for database 'compraslita'
--
/*!40103 SET TIME_ZONE=@OLD_TIME_ZONE */;

/*!40101 SET SQL_MODE=@OLD_SQL_MODE */;
/*!40014 SET FOREIGN_KEY_CHECKS=@OLD_FOREIGN_KEY_CHECKS */;
/*!40014 SET UNIQUE_CHECKS=@OLD_UNIQUE_CHECKS */;
/*!40101 SET CHARACTER_SET_CLIENT=@OLD_CHARACTER_SET_CLIENT */;
/*!40101 SET CHARACTER_SET_RESULTS=@OLD_CHARACTER_SET_RESULTS */;
/*!40101 SET COLLATION_CONNECTION=@OLD_COLLATION_CONNECTION */;
/*!40111 SET SQL_NOTES=@OLD_SQL_NOTES */;

-- Dump completed on 2018-07-17 15:43:29
